App,Category,Rating,Reviews,Installs,Price
Garden Fruit Legend,FAMILY,4,4289,500000,0.0
BlackJack 21 Pro,GAME,4,26744,500000,0.0
EO Network,BUSINESS,3,13,1000,0.0
Sayers AH,MEDICAL,1,2,50,0.0
BD All Results,FAMILY,4,205,50000,0.0
dB Sound Level Meter,TOOLS,3,203,10000,0.0
My OldBoy! Free - GBC Emulator,GAME,4,51787,5000000,0.0
ZOMBIE RIPPER,GAME,3,16073,500000,0.0
BkEmu - BK-0010/11M emulator,FAMILY,4,222,10000,0.0
Block Puzzle,GAME,4,59800,5000000,0.0
POLARIS 2MFG,FAMILY,4,1228,10000,0.0
Pyaar Ek Dhoka,FAMILY,5,18,50,0.0
30WPM Amateur ham radio Koch CW Morse code trainer,FAMILY,5,1,10,1.49
Pocket Mortys,FAMILY,4,174215,10000000,0.0
Sweet Baby Girl Newborn Baby,FAMILY,3,36028,5000000,0.0
Draw with FP sDraw,TOOLS,4,3268,100000,0.0
iFORA BP,MEDICAL,3,18,1000,0.0
A Call From Santa Claus!,FAMILY,3,3720,1000000,0.0
The Visitor: Ep.1 - Kitty Cat Carnage,GAME,4,3017,500000,0.0
B-L Animal Hospital,MEDICAL,1,1,100,0.0
CURSUM B,GAME,4,30,500,0.99
City Builder 2016: County Mall,FAMILY,4,41693,1000000,0.0
F-Secure KEY Password manager,TOOLS,4,2588,100000,0.0
"CM Security Open VPN - Free, fast unlimited proxy",TOOLS,4,85496,1000000,0.0
"C Programming - Learn Code, Theory & Discuss",FAMILY,4,2751,100000,0.0
San Andreas Crime Stories,GAME,4,162530,10000000,0.0
Draw Color by Number - Sandbox Pixel Art,FAMILY,4,34279,1000000,0.0
Q,FAMILY,4,69126,1000000,0.0
FlashLight F.Light,TOOLS,4,3943,100000,0.0
Piano Kids - Music & Songs,FAMILY,4,46741,10000000,0.0
Limbo PC Emulator QEMU ARM x86,TOOLS,4,13005,1000000,0.0
DS-82 form,BUSINESS,1,1,100,0.0
Dead Target Zombie Shooting US Sniper Killer Squad,GAME,4,240,50000,0.0
Bubble Shooter,GAME,4,148897,10000000,0.0
Jaylex,MEDICAL,0,0,10,0.0
Woodman Deluxe,GAME,4,82,5000,0.0
Cooking Madness - A Chef's Restaurant Games,GAME,4,358817,10000000,0.0
An Elite Warrior Ex,GAME,4,15,100,0.99
Fishdom,GAME,4,2157930,10000000,0.0
Hill Climb Racing,GAME,4,8921451,100000000,0.0
Universal AC Remote Control Simulator,FAMILY,3,119,50000,0.0
Nightenfell: Shared AR,GAME,4,20,1000,0.99
Assemblr - Create 3D Models (Sandbox AR),FAMILY,3,1745,1000000,0.0
COOKING MAMA Let's Cook!,FAMILY,4,528917,10000000,0.0
Unit Converter,TOOLS,4,85387,1000000,0.0
OMG Gross Zit - Date Nightmare,FAMILY,3,70105,10000000,0.0
Drawing for Kids Learning Games for Toddlers age 3,FAMILY,4,29436,1000000,0.0
Weapon stripping 3D,FAMILY,4,23971,1000000,0.0
WPBS-DT,FAMILY,5,3,500,0.0
Summer Camp Island AR,FAMILY,3,740,50000,0.0
GALAK-Z: Variant Mobile,GAME,3,145,10000,0.0
CN Resident,FAMILY,5,1,100,0.0
Cr Aviation Academy,FAMILY,5,7,100,0.0
TETRIS Blitz,FAMILY,4,201631,5000000,0.0
R. Physics Puzzle Game,FAMILY,4,5369,500000,0.0
Luxury Car Simulator,FAMILY,3,35989,1000000,0.0
AJ Rafael Music Lessons,FAMILY,5,1,10,0.0
Be the Expert in Phlebotomy - Professional Nursing,MEDICAL,0,0,1,0.99
EP Calipers,MEDICAL,2,4,100,0.99
Kaspersky Mobile Antivirus: AppLock & Web Security,TOOLS,4,2598579,50000000,0.0
Super Jim Jump - pixel 3d,GAME,4,10460,1000000,0.0
COOKING MAMA Let's Cook!,FAMILY,4,528917,10000000,0.0
Bus Rush: Subway Edition,GAME,4,753043,100000000,0.0
FD VR Player - for 360 Youtube,FAMILY,3,100,10000,0.0
Arrowhead AH App,MEDICAL,5,3,100,0.0
"AP Biology Prep: Practice Tests, Flashcards",FAMILY,4,87,10000,0.0
Droidbug BusyBox Advance PRO,TOOLS,4,2,100,3.99
Best CG Backgrounds,FAMILY,3,8,500,0.0
Advanced Comprehension Therapy,MEDICAL,1,3,100,24.99
EMT Tutor NREMT-B Study Guide,MEDICAL,4,625,10000,3.99
The Walking Dead: Road to Survival,GAME,4,522466,10000000,0.0
Dr. Panda Art Class,FAMILY,4,1013,50000,2.99
Du Chinese ??Mandarin Lessons,FAMILY,4,3390,100000,0.0
Learn alif ba ta,FAMILY,4,23,10000,0.0
CG Wallpapers,FAMILY,4,11,500,0.0
FollowMyHealth®,MEDICAL,4,73118,1000000,0.0
TOSHIBA Smart AC,TOOLS,2,60,10000,0.0
Card Wars - Adventure Time,FAMILY,4,129603,1000000,2.99
Empires and Allies,FAMILY,4,398746,10000000,0.0
CB Frequencies FREE!,TOOLS,3,364,100000,0.0
DW Audio,FAMILY,4,38,1000,0.0
Skylink Live TV CZ,FAMILY,3,2802,100000,0.0
Uber Driver,BUSINESS,4,1254730,10000000,0.0
cardiodd,MEDICAL,4,3320,100000,0.0
Baby Tiger Care - My Cute Virtual Pet Friend,FAMILY,4,432,100000,0.0
CW Deposit,BUSINESS,3,4,1000,0.0
DK Virtual Reality,FAMILY,3,42,1000,0.0
The Aether: Life as a God,FAMILY,4,1407,100000,0.0
IHSS Help,MEDICAL,4,10,1000,0.0
BK Video Status,FAMILY,5,13,100,0.0
X Home Bar - Free,TOOLS,4,4210,100000,0.0
Radiological Anatomy For FRCR1,MEDICAL,4,12,100,6.99
myNaida CI,MEDICAL,4,64,5000,0.0
Galaxy at War Online,FAMILY,3,65119,1000000,0.0
FH School,FAMILY,5,4,100,0.0
COOKING MAMA Let's Cook!,FAMILY,4,528917,10000000,0.0
Mad Dash Fo' Cash,GAME,5,14,100,0.0
Q downloader : download your social media videos,FAMILY,4,41,1000,0.0
Create My App,BUSINESS,0,0,10,0.0
"Decibel X PRO - Sound Meter dBA, Noise Detector",TOOLS,4,60,1000,3.99
JavaScript Editor CR,TOOLS,3,114,5000,0.0
Kingdom in Chaos,FAMILY,4,5623,100000,0.0
X Home Bar - Free,TOOLS,4,4210,100000,0.0
EO KOREA,BUSINESS,0,0,50,0.0
Genius Scan - PDF Scanner,BUSINESS,4,42492,1000000,0.0
Super Slime Blitz - Gumball,FAMILY,4,5395,500000,0.0
EY TaxLaw NL,BUSINESS,3,9,100,0.0
Curriculum vitae App CV Builder Free Resume Maker,BUSINESS,4,4571,500000,0.0
MLP Colouring Adventures,FAMILY,3,7379,1000000,0.0
A&E - Watch Full Episodes of TV Shows,FAMILY,4,29708,1000000,0.0
R. Lee Ermey's Official Sound,FAMILY,4,1696,100000,0.0
Learn C [NEW],FAMILY,4,349,50000,0.0
Counter Terrorist Attack,GAME,3,145931,10000000,0.0
DL Hughley,FAMILY,4,12,1000,0.0
Summer Camp Island AR,FAMILY,3,740,50000,0.0
Fancy Pants Adventures,GAME,4,55952,1000000,0.0
FVD Ad-Free,TOOLS,4,1774,10000,1.99
ddd,TOOLS,4,127223,10000000,0.0
AR Toybox - Augmented Reality Demos,FAMILY,3,20,1000,0.0
"End Anxiety Pro - Stress, Panic Attack Help",MEDICAL,4,33,1000,3.99
Weapon stripping 3D,FAMILY,4,23971,1000000,0.0
OMG Gross Zit - Date Nightmare,FAMILY,3,70105,10000000,0.0
FINAL FANTASY BRAVE EXVIUS,GAME,4,745684,5000000,0.0
STARDOM: THE A-LIST,GAME,4,152658,1000000,0.0
Evolution CP & IV Calculator for pokemon,FAMILY,4,9465,500000,0.0
25WPM Amateur ham radio Koch CW Morse code trainer,TOOLS,0,0,10,1.49
Typical EA Game,FAMILY,4,33,100,0.0
EP Calipers,MEDICAL,2,4,100,0.99
Loreal - BA Makeup,TOOLS,1,8,1000,0.0
Best CG Backgrounds,FAMILY,3,8,500,0.0
EP Coding,MEDICAL,5,2,50,0.99
My OldBoy! Free - GBC Emulator,GAME,4,51787,5000000,0.0
Elmo Calls by Sesame Street,FAMILY,3,6903,1000000,0.0
Sirens Fashion Style Game,FAMILY,4,2282,500000,0.0
Wireless BP,MEDICAL,1,30,500,0.0
Shoot Hunter-Gun Killer,GAME,4,320334,50000000,0.0
BU Calculator,FAMILY,4,69,1000,0.0
Droidbug BusyBox Advance PRO,TOOLS,4,2,100,3.99
Flippy Axe : Flip The Knife & Axe Simulator,GAME,5,7,100,0.0
Luxury Car Simulator,FAMILY,3,35989,1000000,0.0
Flashlight Free w/ compass,TOOLS,4,75,10000,0.0
Mom Doctor ER Emergency Family Game,FAMILY,3,173,10000,0.0
Bubble Shooter,GAME,4,148897,10000000,0.0
Aster DM Healthcare,MEDICAL,2,32,5000,0.0
FD VR Player - for 360 Youtube,FAMILY,3,100,10000,0.0
U get - Wireless Speed Test,TOOLS,4,26,5000,0.0
Facebook Ads Manager,BUSINESS,4,19051,1000000,0.0
Sweet Baby Girl Newborn Baby,FAMILY,3,36028,5000000,0.0
EF Mentor: Sounds,FAMILY,2,19,5000,0.0
Farm Heroes Saga,GAME,4,7614130,100000000,0.0
Sniper 3D Gun Shooter: Free Shooting Games - FPS,GAME,4,7672495,100000000,0.0
Mad Skills BMX 2,GAME,4,29940,1000000,0.0
X Home Bar - Free,TOOLS,4,4210,100000,0.0
Contents Provider(C.P.)Explorer,TOOLS,4,1,100,0.0
"Zapya - File Transfer, Sharing",TOOLS,4,387958,10000000,0.0
Uber Driver,BUSINESS,4,1254730,10000000,0.0
"CM Flashlight (Compass, SOS)",TOOLS,4,166363,5000000,0.0
Puzzles Volvo FH 16 Trucks,FAMILY,4,10,1000,0.0
Race Manager FP,GAME,3,196,5000,0.0
Pin-fo,FAMILY,4,19,500,0.0
Advanced EX for KIA,TOOLS,3,257,5000,4.99
Barry EC,TOOLS,4,14,1000,0.0
AMC,FAMILY,3,20843,1000000,0.0
K.MOJI,FAMILY,4,16,500,1.99
Megatramp - a Story of Success!,FAMILY,4,322976,5000000,0.0
BlackJack 21 Pro,GAME,4,26744,500000,0.0
Forgotten Hill: Fall,GAME,4,1063,50000,0.0
Puzzles Volvo FH 16 Trucks,FAMILY,4,10,1000,0.0
OptoDrum,MEDICAL,3,10,1000,5.99
Du Chinese ??Mandarin Lessons,FAMILY,4,3390,100000,0.0
DX Simulation for Double Dx Henshin Belt 2018,FAMILY,4,33,5000,0.0
Elifba Quran Learning Game,FAMILY,4,1424,100000,0.0
OptumRx,MEDICAL,3,1838,100000,0.0
MoodSpace,MEDICAL,4,503,50000,0.0
Roland DG Mobile Panel,TOOLS,2,27,1000,0.0
OneTouch Reveal,MEDICAL,3,6266,500000,0.0
MDLIVE: Talk to a Doctor 24/7,MEDICAL,3,650,100000,0.0
Lust in Terror Manor - The Truth Unveiled | Otome,GAME,4,355,10000,0.0
Woodman Deluxe,GAME,4,82,5000,0.0
Forgotten Hill: Fall,GAME,4,1063,50000,0.0
DH Pineapple Poker OFC,GAME,4,1878,100000,0.0
Eye Transplant : ER Emergency Hospital,FAMILY,3,1938,1000000,0.0
Chess PRO Free,FAMILY,3,1123,100000,0.0
Artificial Intelligence,FAMILY,3,339,50000,0.0
Tattoo Color By Number Draw Book Page Pixel Art,FAMILY,4,309,100000,0.0
BC Wildfire,TOOLS,3,27,5000,0.0
ER Injection Simulator: Blood Test Doctor Hospital,FAMILY,4,3263,1000000,0.0
FollowMyHealth®,MEDICAL,4,73118,1000000,0.0
FK,MEDICAL,4,1517,100000,0.0
Inside Out Thought Bubbles,FAMILY,4,623398,10000000,0.0
"ES File Explorer & Manager, Locker Xplorer 2018",TOOLS,3,11,1000,0.0
Oggy,GAME,4,49971,5000000,0.0
AV Phonetics,FAMILY,4,259,10000,0.0
Hole.io,GAME,4,145353,10000000,0.0
Bounce Classic,GAME,4,38297,10000000,0.0
Skylink Live TV CZ,FAMILY,3,2802,100000,0.0
Ek Biladi Jadi Video Song,FAMILY,3,3,5000,0.0
CA UIM Mobile,BUSINESS,3,54,1000,0.0
Euro Truck Driver (Simulator),FAMILY,4,860078,10000000,0.0
FVD - Free Video Downloader,TOOLS,4,327914,10000000,0.0
Ramdor DM Mobile,BUSINESS,1,1,100,0.0
Mad Skills BMX 2,GAME,4,29940,1000000,0.0
Farm Heroes Saga,GAME,4,7614130,100000000,0.0
DT Driving Test Theory,FAMILY,4,477,10000,0.0
Open Heart Surgery Hospital ER: Crazy Doctor Sim,FAMILY,4,7,1000,0.0
Advanced EX for KIA,TOOLS,3,257,5000,4.99
Speech Therapy: F,FAMILY,1,1,10,2.99
CL-Phlebotomist,MEDICAL,4,19,100,0.0
Empire Z: Endless War,FAMILY,4,367951,5000000,0.0
Farm Heroes Saga,GAME,4,7614130,100000000,0.0
SIM Card Info,TOOLS,4,4234,1000000,0.0
Empires and Allies,FAMILY,4,398746,10000000,0.0
"AP Biology Prep: Practice Tests, Flashcards",FAMILY,4,87,10000,0.0
Motocross Beach Jumping 3D,FAMILY,4,105954,10000000,0.0
An Elite Warrior Ex,GAME,4,15,100,0.99
Modern Counter Terror Attack ??Shooting Game,GAME,4,340,50000,0.0
TN Patta Chitta EC Info,TOOLS,4,1611,100000,0.0
EdiRange,TOOLS,3,736,100000,0.0
ER Surgery Simulator,FAMILY,3,19601,1000000,0.0
Q Call,TOOLS,4,20,1000,0.0
Candy Crush Soda Saga,GAME,4,6199095,100000000,0.0
Lire avec Sami et Julie,FAMILY,3,569,100000,0.0
WWE,FAMILY,4,736824,10000000,0.0
Hot Bhojpuri Video songs,FAMILY,4,28892,5000000,0.0
Ez Texting,BUSINESS,3,49,10000,0.0
Artificial Intelligence,FAMILY,3,339,50000,0.0
Permit Test AZ Arizona MVD DOT,FAMILY,4,227,10000,0.0
Jewels Star: OZ adventure,GAME,4,21892,1000000,0.0
Recognise Foot,MEDICAL,4,9,1000,7.49
Empire Z: Endless War,FAMILY,4,367951,5000000,0.0
Comunidad BH,FAMILY,2,23,1000,0.0
EF Teacher,FAMILY,3,16,1000,0.0
CE Smart,TOOLS,5,3,100,0.0
Dotti EU,BUSINESS,1,15,1000,0.0
Sirens Fashion Style Game,FAMILY,4,2282,500000,0.0
Flashlight X,TOOLS,4,20418,1000000,0.0
B-52 Spirits of Glory Deluxe,GAME,4,12,100,0.99
AR Toybox - Augmented Reality Demos,FAMILY,3,20,1000,0.0
CM Security Lite - Antivirus,TOOLS,4,262076,10000000,0.0
STARDOM: THE A-LIST,GAME,4,152658,1000000,0.0
Kenny e o Cupcake,FAMILY,0,0,1,0.0
Mini DAYZ: Zombie Survival,GAME,4,94661,1000000,0.0
Fr. Daoud Lamei,FAMILY,5,22,1000,0.0
Retro City Rampage DX,GAME,4,416,10000,2.99
Dragon Nest M,FAMILY,4,11872,100000,0.0
Grand Theft Auto V: The Manual,FAMILY,4,182103,5000000,0.0
Block Buddy,MEDICAL,4,15,1000,14.99
Fr. Daoud Lamei,FAMILY,5,22,1000,0.0
Dead Zombie Evil Killer:Axe,GAME,3,71,10000,0.0
Princess Closet : Otome games free dating sim,FAMILY,4,29495,1000000,0.0
WAH AH,MEDICAL,1,2,100,0.0
Counter Terrorist Attack,GAME,3,145931,10000000,0.0
Frozen Free Fall,FAMILY,4,1574546,50000000,0.0
X-Plane to GPS,TOOLS,4,161,5000,0.99
DW Mobile,BUSINESS,2,33,10000,0.0
Fever Meter,MEDICAL,3,26,5000,0.0
Masha and the Bear: Evolution,FAMILY,4,2062,500000,0.0
DT Fieldlink,BUSINESS,3,2,500,0.0
Thyroid Nodules,MEDICAL,0,0,10,0.0
Builder Craft: House Building & Exploration,FAMILY,4,20807,1000000,0.0
Cooking Fever,GAME,4,3197865,100000000,0.0
F-Secure KEY Password manager,TOOLS,4,2588,100000,0.0
Mad Dash Fo' Cash,GAME,5,14,100,0.0
FVD - Free Video Downloader,TOOLS,4,327914,10000000,0.0
DM Adventure,GAME,0,0,10,0.0
"Decibel X PRO - Sound Meter dBA, Noise Detector",TOOLS,4,60,1000,3.99
FINAL FANTASY BRAVE EXVIUS,GAME,4,745684,5000000,0.0
Draw Color by Number - Sandbox Pixel Art,FAMILY,4,34279,1000000,0.0
Talking Ben the Dog,FAMILY,4,1633565,100000000,0.0
My Wild Pet: Online Animal Sim,FAMILY,4,26916,500000,0.0
EP Chain Reaction,FAMILY,3,249,10000,0.0
EH Autolink,BUSINESS,1,1,100,0.0
Blood Domination - BL Game,GAME,4,415,10000,0.0
GUNSHIP BATTLE: Helicopter 3D,GAME,4,2151039,50000000,0.0
tv-ec,FAMILY,1,1,50,0.0
Guns Royale - Multiplayer Blocky Battle Royale,GAME,4,19070,100000,0.0
Acupuncture Assistant,MEDICAL,4,492,10000,7.99
Learn R Language Easy Way,FAMILY,4,17,10000,0.0
BF-Calc,TOOLS,3,428,100000,0.0
Woodman Deluxe,GAME,4,82,5000,0.0
Piano Kids - Music & Songs,FAMILY,4,46741,10000000,0.0
Block Puzzle,GAME,4,59800,5000000,0.0
Hadith du jour,FAMILY,4,276,50000,0.0
Hypertension High blood pressure,MEDICAL,3,292,100000,0.0
Clash Royale,GAME,4,23134775,100000000,0.0
Blood Pressure Log - bpresso.com,MEDICAL,4,5661,500000,0.0
Blood Pressure(BP) Diary,MEDICAL,3,3596,1000000,0.0
Angry Birds Rio,GAME,4,2610622,100000000,0.0
Pinoy Kid Song Ako ay may Lobo,FAMILY,4,23,10000,0.0
OfficeSuite Pro + PDF (Trial),BUSINESS,4,88073,10000000,0.0
NetClient CS,BUSINESS,3,125,10000,0.0
Chatime AB Rewards,FAMILY,4,9,1000,0.0
Facebook Pages Manager,BUSINESS,4,1279184,50000000,0.0
Motocross Beach Jumping 3D,FAMILY,4,105954,10000000,0.0
DU CS Lectures - Learn to Code for Free,FAMILY,4,16,100,0.0
RPG Dragon Lapis,FAMILY,4,13492,100000,0.0
BC Slots - The Lost Reels FREE,GAME,4,209,10000,0.0
Clash of Axe: Flippy Lumberjack Action X,GAME,4,6,1000,0.0
BlackJack 21 Pro,GAME,4,26744,500000,0.0
Cooking Madness - A Chef's Restaurant Games,GAME,4,358817,10000000,0.0
Block Survival Craft:The Story,FAMILY,4,7046,500000,0.0
Swamp Attack,GAME,4,2119235,50000000,0.0
"CM Flashlight (Compass, SOS)",TOOLS,4,166363,5000000,0.0
Cr Aviation Academy,FAMILY,5,7,100,0.0
Jigsaw Puzzles FN FAL Light Automatic Rifle,FAMILY,0,0,50,0.0
Wonder5 Masters R,FAMILY,4,1655,100000,0.0
ONEC DZ,FAMILY,2,40,1000,0.0
Advanced Download Manager,TOOLS,4,569727,10000000,0.0
Kids Doctor ER Emergency Rescue Kids Hospital Game,FAMILY,3,515,100000,0.0
Hotspot Shield Free VPN Proxy & Wi-Fi Security,TOOLS,4,1116393,50000000,0.0
Scary Video Maker,FAMILY,3,9296,500000,0.0
Vehicle Case Checker BD,TOOLS,3,29,10000,0.0
Dead Zombie Evil Killer:Axe,GAME,3,71,10000,0.0
Arrowhead AH App,MEDICAL,5,3,100,0.0
Free Hypnosis,MEDICAL,4,4303,100000,0.0
Little Lovely Dentist,FAMILY,4,17786,1000000,0.0
Megatramp - a Story of Success!,FAMILY,4,322976,5000000,0.0
Q downloader : download your social media videos,FAMILY,4,41,1000,0.0
Sermon on Proverbs CH Spurgeon,GAME,4,35,10000,0.0
Empire Z: Endless War,FAMILY,4,367951,5000000,0.0
FK,MEDICAL,4,1517,100000,0.0
Train driving simulator,FAMILY,3,91645,10000000,0.0
Download Video Free,FAMILY,4,39682,1000000,0.0
R Instructor,FAMILY,4,135,1000,4.84
Super Slime Blitz - Gumball,FAMILY,4,5395,500000,0.0
Barry EC,TOOLS,4,14,1000,0.0
Remote CT - Smart Remote,TOOLS,3,3988,1000000,0.0
Race Manager FP,GAME,3,196,5000,0.0
Artificial Intelligence,FAMILY,3,339,50000,0.0
Summer Camp Island AR,FAMILY,3,740,50000,0.0
DW Audio,FAMILY,4,38,1000,0.0
Chatime AB Rewards,FAMILY,4,9,1000,0.0
BW Switch,GAME,1,1,10,0.0
BURST Professionals,MEDICAL,4,11,1000,0.0
Hypertension High blood pressure,MEDICAL,3,292,100000,0.0
Candy Crush Jelly Saga,GAME,4,1300490,50000000,0.0
King Burger Dash,FAMILY,3,445,50000,0.0
CV Builder for Smart Resumes,BUSINESS,3,22,1000,0.0
Barisal University App-BU Face,FAMILY,5,100,1000,0.0
Penn State Health OnDemand,MEDICAL,2,14,50,0.0
British Columbia License,FAMILY,3,14,1000,0.0
4x4 Jeep Racer,GAME,4,7279,1000000,0.0
Draw Color by Number - Sandbox Pixel Art,FAMILY,4,34279,1000000,0.0
Mad Dash Fo' Cash,GAME,5,14,100,0.0
QuickBooks Accounting: Invoicing & Expenses,BUSINESS,4,23175,1000000,0.0
Dog Run - Pet Dog Simulator,GAME,4,48615,10000000,0.0
Crisis Action: 2018 NO.1 FPS,GAME,4,807226,10000000,0.0
Q Call,TOOLS,4,20,1000,0.0
2017 EMRA Antibiotic Guide,MEDICAL,4,12,1000,16.99
Baby Tiger Care - My Cute Virtual Pet Friend,FAMILY,4,432,100000,0.0
VitusVet: Pet Health Care App,MEDICAL,4,3052,100000,0.0
Police Car Driver,GAME,3,83671,10000000,0.0
FVD - Free Video Downloader,TOOLS,4,327914,10000000,0.0
DL Hughley,FAMILY,4,12,1000,0.0
Battle of Zombies: Clans War,FAMILY,4,488039,10000000,0.0
Zombie Catchers,GAME,4,990663,10000000,0.0
J.ME Fly,FAMILY,3,28,1000,0.0
FreedomPop Diagnostics,TOOLS,2,452,100000,0.0
NetClient CS,BUSINESS,3,125,10000,0.0
Equestria Girl Snapchat Addict,FAMILY,3,20,1000,0.0
Bubble Shooter,GAME,4,148897,10000000,0.0
Fate GO Ap Counter,TOOLS,4,70,1000,0.0
My CW,TOOLS,3,1,100,0.0
The Aether: Life as a God,FAMILY,4,1407,100000,0.0
Swamp Attack,GAME,4,2119235,50000000,0.0
MoodSpace,MEDICAL,4,503,50000,0.0
Z-Empire: Dead Strike,FAMILY,4,99,10000,0.0
Marked by King Bs,FAMILY,4,70335,500000,0.0
Maricopa AH,MEDICAL,2,5,100,0.0
Paramedic Protocol Provider,MEDICAL,4,171,10000,10.0
BURST Professionals,MEDICAL,4,11,1000,0.0
ChatBot AI Talking Girl,FAMILY,3,3597,100000,0.0
Bitdefender Antivirus Free,TOOLS,4,78629,1000000,0.0
Open Sesame - Touch Free Control,MEDICAL,4,197,10000,0.0
DMC ER Now,MEDICAL,4,6,1000,0.0
BL IP-Camera,TOOLS,4,15,100,3.99
DV Portfolio,TOOLS,1,5,50,0.0
BW Switch,GAME,1,1,10,0.0
Narcos: Cartel Wars,FAMILY,4,244797,5000000,0.0
Replika,FAMILY,4,45458,1000000,0.0
The Visitor,GAME,4,39895,5000000,0.0
"IndiaMART: Search Products, Buy, Sell & Trade",BUSINESS,4,207372,5000000,0.0
ER Injection Simulator: Blood Test Doctor Hospital,FAMILY,4,3263,1000000,0.0
30WPM Amateur ham radio Koch CW Morse code trainer,FAMILY,5,1,10,1.49
Sweet Baby Girl Newborn Baby,FAMILY,3,36028,5000000,0.0
360-M Flight,TOOLS,3,84,10000,0.0
Q Call,TOOLS,4,20,1000,0.0
EMT Review Plus,MEDICAL,4,199,10000,11.99
YouTube Kids,FAMILY,4,470713,50000000,0.0
Jewels Star: OZ adventure,GAME,4,21892,1000000,0.0
100 Doors of Revenge,FAMILY,4,105766,10000000,0.0
SIM Card Info,TOOLS,4,4234,1000000,0.0
Super Jim Jump - pixel 3d,GAME,4,10393,1000000,0.0
CA UIM Mobile,BUSINESS,3,54,1000,0.0
Peggle Blast,GAME,4,166251,5000000,0.0
Q,FAMILY,4,69126,1000000,0.0
"Decibel X PRO - Sound Meter dBA, Noise Detector",TOOLS,4,60,1000,3.99
Garden Fruit Legend,FAMILY,4,4289,500000,0.0
QuickBooks Accounting: Invoicing & Expenses,BUSINESS,4,23175,1000000,0.0
Facebook Pages Manager,BUSINESS,4,1279184,50000000,0.0
EI Calculator,TOOLS,4,8,100,0.0
BU Calculator,FAMILY,4,69,1000,0.0
Train Sim Pro,FAMILY,4,1763,10000,1.49
Best Park in the Universe,GAME,4,3904,10000,2.99
Monash Uni Low FODMAP Diet,MEDICAL,4,1135,100000,9.0
Dungeon Hunter Champions: Epic Online Action RPG,FAMILY,4,26307,1000000,0.0
Curriculum vitae App CV Builder Free Resume Maker,BUSINESS,4,4571,500000,0.0
Sam.BN Pro,TOOLS,4,11,10,0.99
YouTube Kids,FAMILY,4,470694,50000000,0.0
Bo's Matching Game,FAMILY,2,3,1000,0.99
Droidbug BusyBox Advance PRO,TOOLS,4,2,100,3.99
Real Car Dr Parking Master: Parking Games 2018,FAMILY,4,3345,1000000,0.0
Dance School Stories - Dance Dreams Come True,FAMILY,4,91171,1000000,0.0
QuickBooks Accounting: Invoicing & Expenses,BUSINESS,4,23175,1000000,0.0
Red Embrace (BL/Yaoi Game),FAMILY,4,616,10000,0.0
Swamp Attack,GAME,4,2119235,50000000,0.0
FINAL FANTASY BRAVE EXVIUS,GAME,4,745684,5000000,0.0
DW Tech Tools,BUSINESS,3,1,100,0.0
DW Audio,FAMILY,4,38,1000,0.0
Al Quran Audio (Full 30 Juz),FAMILY,4,7878,1000000,0.0
Bus Driver 3D: Hill Station,FAMILY,4,31705,5000000,0.0
CJ: Strike Back,GAME,4,29330,1000000,0.0
Candy Crush Soda Saga,GAME,4,6199095,100000000,0.0
ROBLOX,FAMILY,4,4450890,100000000,0.0
DW Mobile,BUSINESS,2,33,10000,0.0
DH UFO,FAMILY,3,4,1000,0.0
Family Guy The Quest for Stuff,GAME,4,995002,10000000,0.0
HondaLink EV,TOOLS,2,44,10000,0.0
Droidbug BusyBox Advance PRO,TOOLS,4,2,100,3.99
TNEB Reading,TOOLS,4,28,10000,0.0
OptoDrum,MEDICAL,3,10,1000,5.99
Dosecast - Medication Reminder,MEDICAL,4,4107,100000,0.0
Megatramp - a Story of Success!,FAMILY,4,322976,5000000,0.0
CJ: Strike Back,GAME,4,29330,1000000,0.0
Ramdor DM Mobile,BUSINESS,1,1,100,0.0
Luxury Car Simulator,FAMILY,3,35989,1000000,0.0
Mom Doctor ER Emergency Family Game,FAMILY,3,173,10000,0.0
TOSHIBA Smart AC,TOOLS,2,60,10000,0.0
QuickBooks Accounting: Invoicing & Expenses,BUSINESS,4,23175,1000000,0.0
AG Screen Recorder,TOOLS,3,7,1000,0.0
EMT Tutor NREMT-B Study Guide,MEDICAL,4,625,10000,3.99
NativeScript Developer Day EU,BUSINESS,5,2,100,0.0
J. Cole Albums (2007-2017),FAMILY,4,7,1000,0.0
Commando Adventure Assassin,GAME,4,51067,5000000,0.0
Armored Warfare: Assault,GAME,4,7718,100000,0.0
VitusVet: Pet Health Care App,MEDICAL,4,3052,100000,0.0
AH Alarm Panel,TOOLS,3,7,100,4.99
Genius Scan - PDF Scanner,BUSINESS,4,42492,1000000,0.0
BC Wildfire,TOOLS,3,27,5000,0.0
Open Heart Surgery Hospital ER: Crazy Doctor Sim,FAMILY,4,7,1000,0.0
EP Calipers,MEDICAL,2,4,100,0.99
Dr. D. Y. Patil Vidyapeeth GBS,FAMILY,4,3,100,0.0
Asha Ek Hope - ALS/ MND,MEDICAL,5,2,100,0.0
X Home Bar - Free,TOOLS,4,4210,100000,0.0
Victoria EC,TOOLS,5,5,500,0.0
Artificial Intelligence,FAMILY,3,339,50000,0.0
Polaris Office for LG,BUSINESS,4,30847,5000000,0.0
Pin-fo,FAMILY,4,19,500,0.0
ScreenMeet. Easy Phone Meeting,BUSINESS,4,624,100000,0.0
San Andreas Crime Stories,GAME,4,162530,10000000,0.0
BusyBox Pro,TOOLS,4,8114,100000,2.49
Dinosaur War,FAMILY,4,157997,10000000,0.0
dB Sound Level Meter,TOOLS,3,203,10000,0.0
Dog Run - Pet Dog Simulator,GAME,4,48615,10000000,0.0
PK and DK Audio App,FAMILY,5,2,100,0.0
Replika,FAMILY,4,45458,1000000,0.0
Offroad Cruiser,FAMILY,4,42432,1000000,0.0
Analog and Digital Clock AW-7,TOOLS,4,202,50000,0.0
Teen Patti by BL Games,GAME,4,496,100000,0.0
Az Video Status,FAMILY,4,13,100,0.0
Permit Test CO Colorado DMV,FAMILY,4,41,1000,0.0
DH Pineapple Poker OFC,GAME,4,1878,100000,0.0
High Blood Pressure Symptoms,MEDICAL,4,531,100000,0.0
"CM Security Open VPN - Free, fast unlimited proxy",TOOLS,4,85496,1000000,0.0
Strange Hero: Future Battle,GAME,4,88901,10000000,0.0
CB Frequencies FREE!,TOOLS,3,364,100000,0.0
Super Slime Blitz - Gumball,FAMILY,4,5395,500000,0.0
POLARIS 2MFG,FAMILY,4,1228,10000,0.0
Car Driving Simulator Drift,GAME,4,19816,1000000,0.0
Battlelands Royale,GAME,4,105620,1000000,0.0
Ramdor DM Mobile,BUSINESS,2,1,100,0.0
Modern Counter Terror Attack ??Shooting Game,GAME,4,340,50000,0.0
Shoulder Surgery ER Emergency Doctor Game,FAMILY,3,55,10000,0.0
slither.io,GAME,4,5231553,100000000,0.0
SimCity BuildIt,FAMILY,4,4218587,50000000,0.0
Helix Jump,GAME,4,1500999,100000000,0.0
BT Share It,BUSINESS,4,12,500,0.0
Bubble Shooter 2,GAME,4,23005,5000000,0.0
"CR Fans: Mazos, Clanes y Grupos",FAMILY,4,219,5000,0.0
Asha Ek Hope - ALS/ MND,MEDICAL,5,2,100,0.0
Dr. Panda Art Class,FAMILY,4,1013,50000,2.99
Counter Terrorist Attack,GAME,3,145931,10000000,0.0
Replika,FAMILY,4,45458,1000000,0.0
Seen,FAMILY,4,118285,1000000,0.0
"CR Fans: Mazos, Clanes y Grupos",FAMILY,4,219,5000,0.0
Oracle BI Mobile,BUSINESS,4,282,10000,0.0
Cooking Fever,GAME,4,3197865,100000000,0.0
Swamp Attack,GAME,4,2119235,50000000,0.0
500 AP World History Questions,FAMILY,4,7,100,9.99
SimCity BuildIt,FAMILY,4,4218587,50000000,0.0
"CM Flashlight (Compass, SOS)",TOOLS,4,166363,5000000,0.0
Blood Pressure Companion,MEDICAL,4,178,1000,0.99
Hotspot Shield Free VPN Proxy & Wi-Fi Security,TOOLS,4,1116393,50000000,0.0
